month,vendor_id,product_id,vendor_name,actual_unit_cost,prior_unit_cost,cost_change_pct
2024-01,V003,P001,Prime Protein Partners,4.8,4.8,0.0
2024-02,V003,P001,Prime Protein Partners,4.98,4.8,3.75
2024-03,V003,P001,Prime Protein Partners,5.16,4.98,3.61
2024-04,V003,P001,Prime Protein Partners,5.35,5.16,3.68
2024-05,V003,P001,Prime Protein Partners,5.54,5.35,3.55
2024-06,V003,P001,Prime Protein Partners,5.73,5.54,3.43
2024-07,V003,P001,Prime Protein Partners,5.93,5.73,3.49
2024-08,V003,P001,Prime Protein Partners,6.15,5.93,3.71
2024-09,V003,P001,Prime Protein Partners,6.37,6.15,3.58
2024-10,V003,P001,Prime Protein Partners,6.6,6.37,3.61
2024-11,V003,P001,Prime Protein Partners,6.83,6.6,3.48
2024-12,V003,P001,Prime Protein Partners,7.09,6.83,3.81
2025-01,V003,P001,Prime Protein Partners,7.35,7.09,3.67
2025-02,V003,P001,Prime Protein Partners,7.61,7.35,3.54
2025-03,V003,P001,Prime Protein Partners,7.88,7.61,3.55
2025-04,V003,P001,Prime Protein Partners,8.16,7.88,3.55
2025-05,V003,P001,Prime Protein Partners,8.45,8.16,3.55
2025-06,V003,P001,Prime Protein Partners,8.75,8.45,3.55
2025-07,V003,P001,Prime Protein Partners,9.09,8.75,3.89
2025-08,V003,P001,Prime Protein Partners,9.44,9.09,3.85
2025-09,V003,P001,Prime Protein Partners,9.81,9.44,3.92
2025-10,V003,P001,Prime Protein Partners,10.18,9.81,3.77
2025-11,V003,P001,Prime Protein Partners,10.57,10.18,3.83
2025-12,V003,P001,Prime Protein Partners,10.98,10.57,3.88
2026-01,V003,P001,Prime Protein Partners,11.41,10.98,3.92
2026-02,V003,P001,Prime Protein Partners,11.86,11.41,3.94
2026-03,V003,P001,Prime Protein Partners,12.31,11.86,3.79
2026-04,V003,P001,Prime Protein Partners,12.79,12.31,3.9
2024-01,V003,P002,Prime Protein Partners,6.9,6.9,0.0
2024-02,V003,P002,Prime Protein Partners,7.14,6.9,3.48
2024-03,V003,P002,Prime Protein Partners,7.4,7.14,3.64
2024-04,V003,P002,Prime Protein Partners,7.66,7.4,3.51
2024-05,V003,P002,Prime Protein Partners,7.93,7.66,3.52
2024-06,V003,P002,Prime Protein Partners,8.23,7.93,3.78
2024-07,V003,P002,Prime Protein Partners,8.54,8.23,3.77
2024-08,V003,P002,Prime Protein Partners,8.86,8.54,3.75
2024-09,V003,P002,Prime Protein Partners,9.17,8.86,3.5
2024-10,V003,P002,Prime Protein Partners,9.49,9.17,3.49
2024-11,V003,P002,Prime Protein Partners,9.84,9.49,3.69
2024-12,V003,P002,Prime Protein Partners,10.19,9.84,3.56
2025-01,V003,P002,Prime Protein Partners,10.55,10.19,3.53
2025-02,V003,P002,Prime Protein Partners,10.93,10.55,3.6
2025-03,V003,P002,Prime Protein Partners,11.31,10.93,3.48
2025-04,V003,P002,Prime Protein Partners,11.73,11.31,3.71
2025-05,V003,P002,Prime Protein Partners,12.14,11.73,3.5
2025-06,V003,P002,Prime Protein Partners,12.58,12.14,3.62
2025-07,V003,P002,Prime Protein Partners,13.06,12.58,3.82
2025-08,V003,P002,Prime Protein Partners,13.57,13.06,3.91
2025-09,V003,P002,Prime Protein Partners,14.1,13.57,3.91
2025-10,V003,P002,Prime Protein Partners,14.64,14.1,3.83
2025-11,V003,P002,Prime Protein Partners,15.23,14.64,4.03
2025-12,V003,P002,Prime Protein Partners,15.84,15.23,4.01
2026-01,V003,P002,Prime Protein Partners,16.48,15.84,4.04
2026-02,V003,P002,Prime Protein Partners,17.14,16.48,4.0
2026-03,V003,P002,Prime Protein Partners,17.81,17.14,3.91
2026-04,V003,P002,Prime Protein Partners,18.53,17.81,4.04
2024-01,V003,P003,Prime Protein Partners,7.1,7.1,0.0
2024-02,V003,P003,Prime Protein Partners,7.35,7.1,3.52
2024-03,V003,P003,Prime Protein Partners,7.6,7.35,3.4
2024-04,V003,P003,Prime Protein Partners,7.87,7.6,3.55
2024-05,V003,P003,Prime Protein Partners,8.15,7.87,3.56
2024-06,V003,P003,Prime Protein Partners,8.44,8.15,3.56
2024-07,V003,P003,Prime Protein Partners,8.75,8.44,3.67
2024-08,V003,P003,Prime Protein Partners,9.06,8.75,3.54
2024-09,V003,P003,Prime Protein Partners,9.38,9.06,3.53
2024-10,V003,P003,Prime Protein Partners,9.72,9.38,3.62
2024-11,V003,P003,Prime Protein Partners,10.06,9.72,3.5
2024-12,V003,P003,Prime Protein Partners,10.43,10.06,3.68
2025-01,V003,P003,Prime Protein Partners,10.79,10.43,3.45
2025-02,V003,P003,Prime Protein Partners,11.19,10.79,3.71
2025-03,V003,P003,Prime Protein Partners,11.6,11.19,3.66
2025-04,V003,P003,Prime Protein Partners,12.01,11.6,3.53
2025-05,V003,P003,Prime Protein Partners,12.42,12.01,3.41
2025-06,V003,P003,Prime Protein Partners,12.88,12.42,3.7
2025-07,V003,P003,Prime Protein Partners,13.39,12.88,3.96
2025-08,V003,P003,Prime Protein Partners,13.92,13.39,3.96
2025-09,V003,P003,Prime Protein Partners,14.47,13.92,3.95
2025-10,V003,P003,Prime Protein Partners,15.02,14.47,3.8
2025-11,V003,P003,Prime Protein Partners,15.6,15.02,3.86
2025-12,V003,P003,Prime Protein Partners,16.19,15.6,3.78
2026-01,V003,P003,Prime Protein Partners,16.84,16.19,4.01
2026-02,V003,P003,Prime Protein Partners,17.5,16.84,3.92
2026-03,V003,P003,Prime Protein Partners,18.17,17.5,3.83
2026-04,V003,P003,Prime Protein Partners,18.85,18.17,3.74
2024-01,V003,P004,Prime Protein Partners,4.2,4.2,0.0
2024-02,V003,P004,Prime Protein Partners,4.35,4.2,3.57
2024-03,V003,P004,Prime Protein Partners,4.51,4.35,3.68
2024-04,V003,P004,Prime Protein Partners,4.67,4.51,3.55
2024-05,V003,P004,Prime Protein Partners,4.84,4.67,3.64
2024-06,V003,P004,Prime Protein Partners,5.01,4.84,3.51
2024-07,V003,P004,Prime Protein Partners,5.18,5.01,3.39
2024-08,V003,P004,Prime Protein Partners,5.37,5.18,3.67
2024-09,V003,P004,Prime Protein Partners,5.57,5.37,3.72
2024-10,V003,P004,Prime Protein Partners,5.77,5.57,3.59
2024-11,V003,P004,Prime Protein Partners,5.98,5.77,3.64
2024-12,V003,P004,Prime Protein Partners,6.2,5.98,3.68
2025-01,V003,P004,Prime Protein Partners,6.42,6.2,3.55
2025-02,V003,P004,Prime Protein Partners,6.65,6.42,3.58
2025-03,V003,P004,Prime Protein Partners,6.88,6.65,3.46
2025-04,V003,P004,Prime Protein Partners,7.12,6.88,3.49
2025-05,V003,P004,Prime Protein Partners,7.37,7.12,3.51
2025-06,V003,P004,Prime Protein Partners,7.64,7.37,3.66
2025-07,V003,P004,Prime Protein Partners,7.93,7.64,3.8
2025-08,V003,P004,Prime Protein Partners,8.24,7.93,3.91
2025-09,V003,P004,Prime Protein Partners,8.57,8.24,4.0
2025-10,V003,P004,Prime Protein Partners,8.9,8.57,3.85
2025-11,V003,P004,Prime Protein Partners,9.24,8.9,3.82
2025-12,V003,P004,Prime Protein Partners,9.61,9.24,4.0
2026-01,V003,P004,Prime Protein Partners,9.98,9.61,3.85
2026-02,V003,P004,Prime Protein Partners,10.36,9.98,3.81
2026-03,V003,P004,Prime Protein Partners,10.76,10.36,3.86
2026-04,V003,P004,Prime Protein Partners,11.17,10.76,3.81
2024-01,V001,P005,Maple Fresh Foods,3.1,3.1,0.0
2024-02,V001,P005,Maple Fresh Foods,3.13,3.1,0.97
2024-03,V001,P005,Maple Fresh Foods,3.15,3.13,0.64
2024-04,V001,P005,Maple Fresh Foods,3.18,3.15,0.95
2024-05,V001,P005,Maple Fresh Foods,3.21,3.18,0.94
2024-06,V001,P005,Maple Fresh Foods,3.23,3.21,0.62
2024-07,V001,P005,Maple Fresh Foods,3.26,3.23,0.93
2024-08,V001,P005,Maple Fresh Foods,3.28,3.26,0.61
2024-09,V001,P005,Maple Fresh Foods,3.31,3.28,0.91
2024-10,V001,P005,Maple Fresh Foods,3.34,3.31,0.91
2024-11,V001,P005,Maple Fresh Foods,3.36,3.34,0.6
2024-12,V001,P005,Maple Fresh Foods,3.38,3.36,0.6
2025-01,V001,P005,Maple Fresh Foods,3.4,3.38,0.59
2025-02,V001,P005,Maple Fresh Foods,3.42,3.4,0.59
2025-03,V001,P005,Maple Fresh Foods,3.45,3.42,0.88
2025-04,V001,P005,Maple Fresh Foods,3.48,3.45,0.87
2025-05,V001,P005,Maple Fresh Foods,3.5,3.48,0.57
2025-06,V001,P005,Maple Fresh Foods,3.53,3.5,0.86
2025-07,V001,P005,Maple Fresh Foods,3.57,3.53,1.13
2025-08,V001,P005,Maple Fresh Foods,3.6,3.57,0.84
2025-09,V001,P005,Maple Fresh Foods,3.63,3.6,0.83
2025-10,V001,P005,Maple Fresh Foods,3.67,3.63,1.1
2025-11,V001,P005,Maple Fresh Foods,3.71,3.67,1.09
2025-12,V001,P005,Maple Fresh Foods,3.75,3.71,1.08
2026-01,V001,P005,Maple Fresh Foods,3.79,3.75,1.07
2026-02,V001,P005,Maple Fresh Foods,3.83,3.79,1.06
2026-03,V001,P005,Maple Fresh Foods,3.87,3.83,1.04
2026-04,V001,P005,Maple Fresh Foods,3.92,3.87,1.29
2024-01,V004,P006,Green Harvest Produce,2.1,2.1,0.0
2024-02,V004,P006,Green Harvest Produce,2.14,2.1,1.9
2024-03,V004,P006,Green Harvest Produce,2.18,2.14,1.87
2024-04,V004,P006,Green Harvest Produce,2.22,2.18,1.83
2024-05,V004,P006,Green Harvest Produce,2.26,2.22,1.8
2024-06,V004,P006,Green Harvest Produce,2.3,2.26,1.77
2024-07,V004,P006,Green Harvest Produce,2.34,2.3,1.74
2024-08,V004,P006,Green Harvest Produce,2.38,2.34,1.71
2024-09,V004,P006,Green Harvest Produce,2.42,2.38,1.68
2024-10,V004,P006,Green Harvest Produce,2.46,2.42,1.65
2024-11,V004,P006,Green Harvest Produce,2.51,2.46,2.03
2024-12,V004,P006,Green Harvest Produce,2.56,2.51,1.99
2025-01,V004,P006,Green Harvest Produce,2.61,2.56,1.95
2025-02,V004,P006,Green Harvest Produce,2.66,2.61,1.92
2025-03,V004,P006,Green Harvest Produce,2.71,2.66,1.88
2025-04,V004,P006,Green Harvest Produce,2.76,2.71,1.85
2025-05,V004,P006,Green Harvest Produce,2.81,2.76,1.81
2025-06,V004,P006,Green Harvest Produce,2.87,2.81,2.14
2025-07,V004,P006,Green Harvest Produce,2.93,2.87,2.09
2025-08,V004,P006,Green Harvest Produce,3.0,2.93,2.39
2025-09,V004,P006,Green Harvest Produce,3.06,3.0,2.0
2025-10,V004,P006,Green Harvest Produce,3.13,3.06,2.29
2025-11,V004,P006,Green Harvest Produce,3.2,3.13,2.24
2025-12,V004,P006,Green Harvest Produce,3.27,3.2,2.19
2026-01,V004,P006,Green Harvest Produce,3.34,3.27,2.14
2026-02,V004,P006,Green Harvest Produce,3.42,3.34,2.4
2026-03,V004,P006,Green Harvest Produce,3.49,3.42,2.05
2026-04,V004,P006,Green Harvest Produce,3.56,3.49,2.01
2024-01,V004,P007,Green Harvest Produce,1.8,1.8,0.0
2024-02,V004,P007,Green Harvest Produce,1.83,1.8,1.67
2024-03,V004,P007,Green Harvest Produce,1.87,1.83,2.19
2024-04,V004,P007,Green Harvest Produce,1.9,1.87,1.6
2024-05,V004,P007,Green Harvest Produce,1.94,1.9,2.11
2024-06,V004,P007,Green Harvest Produce,1.98,1.94,2.06
2024-07,V004,P007,Green Harvest Produce,2.02,1.98,2.02
2024-08,V004,P007,Green Harvest Produce,2.06,2.02,1.98
2024-09,V004,P007,Green Harvest Produce,2.1,2.06,1.94
2024-10,V004,P007,Green Harvest Produce,2.14,2.1,1.9
2024-11,V004,P007,Green Harvest Produce,2.18,2.14,1.87
2024-12,V004,P007,Green Harvest Produce,2.22,2.18,1.83
2025-01,V004,P007,Green Harvest Produce,2.26,2.22,1.8
2025-02,V004,P007,Green Harvest Produce,2.3,2.26,1.77
2025-03,V004,P007,Green Harvest Produce,2.35,2.3,2.17
2025-04,V004,P007,Green Harvest Produce,2.4,2.35,2.13
2025-05,V004,P007,Green Harvest Produce,2.44,2.4,1.67
2025-06,V004,P007,Green Harvest Produce,2.49,2.44,2.05
2025-07,V004,P007,Green Harvest Produce,2.55,2.49,2.41
2025-08,V004,P007,Green Harvest Produce,2.61,2.55,2.35
2025-09,V004,P007,Green Harvest Produce,2.67,2.61,2.3
2025-10,V004,P007,Green Harvest Produce,2.73,2.67,2.25
2025-11,V004,P007,Green Harvest Produce,2.79,2.73,2.2
2025-12,V004,P007,Green Harvest Produce,2.85,2.79,2.15
2026-01,V004,P007,Green Harvest Produce,2.92,2.85,2.46
2026-02,V004,P007,Green Harvest Produce,2.99,2.92,2.4
2026-03,V004,P007,Green Harvest Produce,3.05,2.99,2.01
2026-04,V004,P007,Green Harvest Produce,3.12,3.05,2.3
2024-01,V004,P008,Green Harvest Produce,2.9,2.9,0.0
2024-02,V004,P008,Green Harvest Produce,2.96,2.9,2.07
2024-03,V004,P008,Green Harvest Produce,3.02,2.96,2.03
2024-04,V004,P008,Green Harvest Produce,3.08,3.02,1.99
2024-05,V004,P008,Green Harvest Produce,3.14,3.08,1.95
2024-06,V004,P008,Green Harvest Produce,3.2,3.14,1.91
2024-07,V004,P008,Green Harvest Produce,3.26,3.2,1.87
2024-08,V004,P008,Green Harvest Produce,3.33,3.26,2.15
2024-09,V004,P008,Green Harvest Produce,3.39,3.33,1.8
2024-10,V004,P008,Green Harvest Produce,3.45,3.39,1.77
2024-11,V004,P008,Green Harvest Produce,3.51,3.45,1.74
2024-12,V004,P008,Green Harvest Produce,3.58,3.51,1.99
2025-01,V004,P008,Green Harvest Produce,3.64,3.58,1.68
2025-02,V004,P008,Green Harvest Produce,3.71,3.64,1.92
2025-03,V004,P008,Green Harvest Produce,3.78,3.71,1.89
2025-04,V004,P008,Green Harvest Produce,3.85,3.78,1.85
2025-05,V004,P008,Green Harvest Produce,3.92,3.85,1.82
2025-06,V004,P008,Green Harvest Produce,3.99,3.92,1.79
2025-07,V004,P008,Green Harvest Produce,4.08,3.99,2.26
2025-08,V004,P008,Green Harvest Produce,4.17,4.08,2.21
2025-09,V004,P008,Green Harvest Produce,4.26,4.17,2.16
2025-10,V004,P008,Green Harvest Produce,4.36,4.26,2.35
2025-11,V004,P008,Green Harvest Produce,4.46,4.36,2.29
2025-12,V004,P008,Green Harvest Produce,4.56,4.46,2.24
2026-01,V004,P008,Green Harvest Produce,4.66,4.56,2.19
2026-02,V004,P008,Green Harvest Produce,4.76,4.66,2.15
2026-03,V004,P008,Green Harvest Produce,4.86,4.76,2.1
2026-04,V004,P008,Green Harvest Produce,4.96,4.86,2.06
2024-01,V004,P009,Green Harvest Produce,2.2,2.2,0.0
2024-02,V004,P009,Green Harvest Produce,2.24,2.2,1.82
2024-03,V004,P009,Green Harvest Produce,2.29,2.24,2.23
2024-04,V004,P009,Green Harvest Produce,2.33,2.29,1.75
2024-05,V004,P009,Green Harvest Produce,2.38,2.33,2.15
2024-06,V004,P009,Green Harvest Produce,2.43,2.38,2.1
2024-07,V004,P009,Green Harvest Produce,2.48,2.43,2.06
2024-08,V004,P009,Green Harvest Produce,2.53,2.48,2.02
2024-09,V004,P009,Green Harvest Produce,2.58,2.53,1.98
2024-10,V004,P009,Green Harvest Produce,2.63,2.58,1.94
2024-11,V004,P009,Green Harvest Produce,2.68,2.63,1.9
2024-12,V004,P009,Green Harvest Produce,2.73,2.68,1.87
2025-01,V004,P009,Green Harvest Produce,2.78,2.73,1.83
2025-02,V004,P009,Green Harvest Produce,2.83,2.78,1.8
2025-03,V004,P009,Green Harvest Produce,2.89,2.83,2.12
2025-04,V004,P009,Green Harvest Produce,2.94,2.89,1.73
2025-05,V004,P009,Green Harvest Produce,3.0,2.94,2.04
2025-06,V004,P009,Green Harvest Produce,3.06,3.0,2.0
2025-07,V004,P009,Green Harvest Produce,3.13,3.06,2.29
2025-08,V004,P009,Green Harvest Produce,3.2,3.13,2.24
2025-09,V004,P009,Green Harvest Produce,3.27,3.2,2.19
2025-10,V004,P009,Green Harvest Produce,3.35,3.27,2.45
2025-11,V004,P009,Green Harvest Produce,3.42,3.35,2.09
2025-12,V004,P009,Green Harvest Produce,3.5,3.42,2.34
2026-01,V004,P009,Green Harvest Produce,3.58,3.5,2.29
2026-02,V004,P009,Green Harvest Produce,3.66,3.58,2.23
2026-03,V004,P009,Green Harvest Produce,3.74,3.66,2.19
2026-04,V004,P009,Green Harvest Produce,3.82,3.74,2.14
2024-01,V004,P010,Green Harvest Produce,1.95,1.95,0.0
2024-02,V004,P010,Green Harvest Produce,1.99,1.95,2.05
2024-03,V004,P010,Green Harvest Produce,2.03,1.99,2.01
2024-04,V004,P010,Green Harvest Produce,2.07,2.03,1.97
2024-05,V004,P010,Green Harvest Produce,2.11,2.07,1.93
2024-06,V004,P010,Green Harvest Produce,2.15,2.11,1.9
2024-07,V004,P010,Green Harvest Produce,2.19,2.15,1.86
2024-08,V004,P010,Green Harvest Produce,2.23,2.19,1.83
2024-09,V004,P010,Green Harvest Produce,2.27,2.23,1.79
2024-10,V004,P010,Green Harvest Produce,2.32,2.27,2.2
2024-11,V004,P010,Green Harvest Produce,2.36,2.32,1.72
2024-12,V004,P010,Green Harvest Produce,2.4,2.36,1.69
2025-01,V004,P010,Green Harvest Produce,2.45,2.4,2.08
2025-02,V004,P010,Green Harvest Produce,2.5,2.45,2.04
2025-03,V004,P010,Green Harvest Produce,2.55,2.5,2.0
2025-04,V004,P010,Green Harvest Produce,2.6,2.55,1.96
2025-05,V004,P010,Green Harvest Produce,2.65,2.6,1.92
2025-06,V004,P010,Green Harvest Produce,2.7,2.65,1.89
2025-07,V004,P010,Green Harvest Produce,2.76,2.7,2.22
2025-08,V004,P010,Green Harvest Produce,2.82,2.76,2.17
2025-09,V004,P010,Green Harvest Produce,2.89,2.82,2.48
2025-10,V004,P010,Green Harvest Produce,2.96,2.89,2.42
2025-11,V004,P010,Green Harvest Produce,3.03,2.96,2.36
2025-12,V004,P010,Green Harvest Produce,3.1,3.03,2.31
2026-01,V004,P010,Green Harvest Produce,3.17,3.1,2.26
2026-02,V004,P010,Green Harvest Produce,3.24,3.17,2.21
2026-03,V004,P010,Green Harvest Produce,3.31,3.24,2.16
2026-04,V004,P010,Green Harvest Produce,3.39,3.31,2.42
2024-01,V002,P011,Northern Supply Co,0.65,0.65,0.0
2024-02,V002,P011,Northern Supply Co,0.66,0.65,1.54
2024-03,V002,P011,Northern Supply Co,0.67,0.66,1.52
2024-04,V002,P011,Northern Supply Co,0.68,0.67,1.49
2024-05,V002,P011,Northern Supply Co,0.69,0.68,1.47
2024-06,V002,P011,Northern Supply Co,0.7,0.69,1.45
2024-07,V002,P011,Northern Supply Co,0.71,0.7,1.43
2024-08,V002,P011,Northern Supply Co,0.72,0.71,1.41
2024-09,V002,P011,Northern Supply Co,0.73,0.72,1.39
2024-10,V002,P011,Northern Supply Co,0.74,0.73,1.37
2024-11,V002,P011,Northern Supply Co,0.75,0.74,1.35
2024-12,V002,P011,Northern Supply Co,0.76,0.75,1.33
2025-01,V002,P011,Northern Supply Co,0.77,0.76,1.32
2025-02,V002,P011,Northern Supply Co,0.78,0.77,1.3
2025-03,V002,P011,Northern Supply Co,0.79,0.78,1.28
2025-04,V002,P011,Northern Supply Co,0.8,0.79,1.27
2025-05,V002,P011,Northern Supply Co,0.81,0.8,1.25
2025-06,V002,P011,Northern Supply Co,0.82,0.81,1.23
2025-07,V002,P011,Northern Supply Co,0.83,0.82,1.22
2025-08,V002,P011,Northern Supply Co,0.84,0.83,1.2
2025-09,V002,P011,Northern Supply Co,0.85,0.84,1.19
2025-10,V002,P011,Northern Supply Co,0.86,0.85,1.18
2025-11,V002,P011,Northern Supply Co,0.87,0.86,1.16
2025-12,V002,P011,Northern Supply Co,0.88,0.87,1.15
2026-01,V002,P011,Northern Supply Co,0.89,0.88,1.14
2026-02,V002,P011,Northern Supply Co,0.9,0.89,1.12
2026-03,V002,P011,Northern Supply Co,0.91,0.9,1.11
2026-04,V002,P011,Northern Supply Co,0.92,0.91,1.1
2024-01,V002,P012,Northern Supply Co,0.85,0.85,0.0
2024-02,V002,P012,Northern Supply Co,0.86,0.85,1.18
2024-03,V002,P012,Northern Supply Co,0.87,0.86,1.16
2024-04,V002,P012,Northern Supply Co,0.88,0.87,1.15
2024-05,V002,P012,Northern Supply Co,0.89,0.88,1.14
2024-06,V002,P012,Northern Supply Co,0.9,0.89,1.12
2024-07,V002,P012,Northern Supply Co,0.91,0.9,1.11
2024-08,V002,P012,Northern Supply Co,0.92,0.91,1.1
2024-09,V002,P012,Northern Supply Co,0.93,0.92,1.09
2024-10,V002,P012,Northern Supply Co,0.94,0.93,1.08
2024-11,V002,P012,Northern Supply Co,0.95,0.94,1.06
2024-12,V002,P012,Northern Supply Co,0.96,0.95,1.05
2025-01,V002,P012,Northern Supply Co,0.97,0.96,1.04
2025-02,V002,P012,Northern Supply Co,0.98,0.97,1.03
2025-03,V002,P012,Northern Supply Co,0.99,0.98,1.02
2025-04,V002,P012,Northern Supply Co,1.0,0.99,1.01
2025-05,V002,P012,Northern Supply Co,1.01,1.0,1.0
2025-06,V002,P012,Northern Supply Co,1.02,1.01,0.99
2025-07,V002,P012,Northern Supply Co,1.03,1.02,0.98
2025-08,V002,P012,Northern Supply Co,1.04,1.03,0.97
2025-09,V002,P012,Northern Supply Co,1.05,1.04,0.96
2025-10,V002,P012,Northern Supply Co,1.06,1.05,0.95
2025-11,V002,P012,Northern Supply Co,1.07,1.06,0.94
2025-12,V002,P012,Northern Supply Co,1.08,1.07,0.93
2026-01,V002,P012,Northern Supply Co,1.09,1.08,0.93
2026-02,V002,P012,Northern Supply Co,1.1,1.09,0.92
2026-03,V002,P012,Northern Supply Co,1.11,1.1,0.91
2026-04,V002,P012,Northern Supply Co,1.12,1.11,0.9
2024-01,V002,P013,Northern Supply Co,0.95,0.95,0.0
2024-02,V002,P013,Northern Supply Co,0.96,0.95,1.05
2024-03,V002,P013,Northern Supply Co,0.97,0.96,1.04
2024-04,V002,P013,Northern Supply Co,0.98,0.97,1.03
2024-05,V002,P013,Northern Supply Co,0.99,0.98,1.02
2024-06,V002,P013,Northern Supply Co,1.0,0.99,1.01
2024-07,V002,P013,Northern Supply Co,1.01,1.0,1.0
2024-08,V002,P013,Northern Supply Co,1.02,1.01,0.99
2024-09,V002,P013,Northern Supply Co,1.03,1.02,0.98
2024-10,V002,P013,Northern Supply Co,1.04,1.03,0.97
2024-11,V002,P013,Northern Supply Co,1.05,1.04,0.96
2024-12,V002,P013,Northern Supply Co,1.06,1.05,0.95
2025-01,V002,P013,Northern Supply Co,1.07,1.06,0.94
2025-02,V002,P013,Northern Supply Co,1.08,1.07,0.93
2025-03,V002,P013,Northern Supply Co,1.09,1.08,0.93
2025-04,V002,P013,Northern Supply Co,1.1,1.09,0.92
2025-05,V002,P013,Northern Supply Co,1.11,1.1,0.91
2025-06,V002,P013,Northern Supply Co,1.12,1.11,0.9
2025-07,V002,P013,Northern Supply Co,1.13,1.12,0.89
2025-08,V002,P013,Northern Supply Co,1.14,1.13,0.88
2025-09,V002,P013,Northern Supply Co,1.15,1.14,0.88
2025-10,V002,P013,Northern Supply Co,1.16,1.15,0.87
2025-11,V002,P013,Northern Supply Co,1.18,1.16,1.72
2025-12,V002,P013,Northern Supply Co,1.19,1.18,0.85
2026-01,V002,P013,Northern Supply Co,1.2,1.19,0.84
2026-02,V002,P013,Northern Supply Co,1.21,1.2,0.83
2026-03,V002,P013,Northern Supply Co,1.22,1.21,0.83
2026-04,V002,P013,Northern Supply Co,1.23,1.22,0.82
2024-01,V002,P014,Northern Supply Co,0.55,0.55,0.0
2024-02,V002,P014,Northern Supply Co,0.55,0.55,0.0
2024-03,V002,P014,Northern Supply Co,0.56,0.55,1.82
2024-04,V002,P014,Northern Supply Co,0.57,0.56,1.79
2024-05,V002,P014,Northern Supply Co,0.57,0.57,0.0
2024-06,V002,P014,Northern Supply Co,0.57,0.57,0.0
2024-07,V002,P014,Northern Supply Co,0.57,0.57,0.0
2024-08,V002,P014,Northern Supply Co,0.57,0.57,0.0
2024-09,V002,P014,Northern Supply Co,0.57,0.57,0.0
2024-10,V002,P014,Northern Supply Co,0.58,0.57,1.75
2024-11,V002,P014,Northern Supply Co,0.58,0.58,0.0
2024-12,V002,P014,Northern Supply Co,0.58,0.58,0.0
2025-01,V002,P014,Northern Supply Co,0.59,0.58,1.72
2025-02,V002,P014,Northern Supply Co,0.59,0.59,0.0
2025-03,V002,P014,Northern Supply Co,0.6,0.59,1.69
2025-04,V002,P014,Northern Supply Co,0.61,0.6,1.67
2025-05,V002,P014,Northern Supply Co,0.61,0.61,0.0
2025-06,V002,P014,Northern Supply Co,0.62,0.61,1.64
2025-07,V002,P014,Northern Supply Co,0.63,0.62,1.61
2025-08,V002,P014,Northern Supply Co,0.64,0.63,1.59
2025-09,V002,P014,Northern Supply Co,0.65,0.64,1.56
2025-10,V002,P014,Northern Supply Co,0.66,0.65,1.54
2025-11,V002,P014,Northern Supply Co,0.67,0.66,1.52
2025-12,V002,P014,Northern Supply Co,0.68,0.67,1.49
2026-01,V002,P014,Northern Supply Co,0.69,0.68,1.47
2026-02,V002,P014,Northern Supply Co,0.7,0.69,1.45
2026-03,V002,P014,Northern Supply Co,0.71,0.7,1.43
2026-04,V002,P014,Northern Supply Co,0.72,0.71,1.41
2024-01,V004,P015,Green Harvest Produce,1.6,1.6,0.0
2024-02,V004,P015,Green Harvest Produce,1.63,1.6,1.87
2024-03,V004,P015,Green Harvest Produce,1.65,1.63,1.23
2024-04,V004,P015,Green Harvest Produce,1.68,1.65,1.82
2024-05,V004,P015,Green Harvest Produce,1.71,1.68,1.79
2024-06,V004,P015,Green Harvest Produce,1.74,1.71,1.75
2024-07,V004,P015,Green Harvest Produce,1.77,1.74,1.72
2024-08,V004,P015,Green Harvest Produce,1.8,1.77,1.69
2024-09,V004,P015,Green Harvest Produce,1.82,1.8,1.11
2024-10,V004,P015,Green Harvest Produce,1.85,1.82,1.65
2024-11,V004,P015,Green Harvest Produce,1.88,1.85,1.62
2024-12,V004,P015,Green Harvest Produce,1.91,1.88,1.6
2025-01,V004,P015,Green Harvest Produce,1.94,1.91,1.57
2025-02,V004,P015,Green Harvest Produce,1.97,1.94,1.55
2025-03,V004,P015,Green Harvest Produce,2.0,1.97,1.52
2025-04,V004,P015,Green Harvest Produce,2.03,2.0,1.5
2025-05,V004,P015,Green Harvest Produce,2.06,2.03,1.48
2025-06,V004,P015,Green Harvest Produce,2.09,2.06,1.46
2025-07,V004,P015,Green Harvest Produce,2.13,2.09,1.91
2025-08,V004,P015,Green Harvest Produce,2.17,2.13,1.88
2025-09,V004,P015,Green Harvest Produce,2.21,2.17,1.84
2025-10,V004,P015,Green Harvest Produce,2.25,2.21,1.81
2025-11,V004,P015,Green Harvest Produce,2.29,2.25,1.78
2025-12,V004,P015,Green Harvest Produce,2.33,2.29,1.75
2026-01,V004,P015,Green Harvest Produce,2.37,2.33,1.72
2026-02,V004,P015,Green Harvest Produce,2.41,2.37,1.69
2026-03,V004,P015,Green Harvest Produce,2.45,2.41,1.66
2026-04,V004,P015,Green Harvest Produce,2.5,2.45,2.04
2024-01,V001,P016,Maple Fresh Foods,1.3,1.3,0.0
2024-02,V001,P016,Maple Fresh Foods,1.31,1.3,0.77
2024-03,V001,P016,Maple Fresh Foods,1.32,1.31,0.76
2024-04,V001,P016,Maple Fresh Foods,1.33,1.32,0.76
2024-05,V001,P016,Maple Fresh Foods,1.34,1.33,0.75
2024-06,V001,P016,Maple Fresh Foods,1.35,1.34,0.75
2024-07,V001,P016,Maple Fresh Foods,1.36,1.35,0.74
2024-08,V001,P016,Maple Fresh Foods,1.37,1.36,0.74
2024-09,V001,P016,Maple Fresh Foods,1.38,1.37,0.73
2024-10,V001,P016,Maple Fresh Foods,1.39,1.38,0.72
2024-11,V001,P016,Maple Fresh Foods,1.4,1.39,0.72
2024-12,V001,P016,Maple Fresh Foods,1.41,1.4,0.71
2025-01,V001,P016,Maple Fresh Foods,1.42,1.41,0.71
2025-02,V001,P016,Maple Fresh Foods,1.43,1.42,0.7
2025-03,V001,P016,Maple Fresh Foods,1.44,1.43,0.7
2025-04,V001,P016,Maple Fresh Foods,1.45,1.44,0.69
2025-05,V001,P016,Maple Fresh Foods,1.46,1.45,0.69
2025-06,V001,P016,Maple Fresh Foods,1.47,1.46,0.68
2025-07,V001,P016,Maple Fresh Foods,1.49,1.47,1.36
2025-08,V001,P016,Maple Fresh Foods,1.5,1.49,0.67
2025-09,V001,P016,Maple Fresh Foods,1.51,1.5,0.67
2025-10,V001,P016,Maple Fresh Foods,1.53,1.51,1.32
2025-11,V001,P016,Maple Fresh Foods,1.55,1.53,1.31
2025-12,V001,P016,Maple Fresh Foods,1.57,1.55,1.29
2026-01,V001,P016,Maple Fresh Foods,1.59,1.57,1.27
2026-02,V001,P016,Maple Fresh Foods,1.61,1.59,1.26
2026-03,V001,P016,Maple Fresh Foods,1.63,1.61,1.24
2026-04,V001,P016,Maple Fresh Foods,1.65,1.63,1.23
2024-01,V001,P017,Maple Fresh Foods,1.1,1.1,0.0
2024-02,V001,P017,Maple Fresh Foods,1.11,1.1,0.91
2024-03,V001,P017,Maple Fresh Foods,1.12,1.11,0.9
2024-04,V001,P017,Maple Fresh Foods,1.13,1.12,0.89
2024-05,V001,P017,Maple Fresh Foods,1.14,1.13,0.88
2024-06,V001,P017,Maple Fresh Foods,1.15,1.14,0.88
2024-07,V001,P017,Maple Fresh Foods,1.16,1.15,0.87
2024-08,V001,P017,Maple Fresh Foods,1.17,1.16,0.86
2024-09,V001,P017,Maple Fresh Foods,1.18,1.17,0.85
2024-10,V001,P017,Maple Fresh Foods,1.19,1.18,0.85
2024-11,V001,P017,Maple Fresh Foods,1.2,1.19,0.84
2024-12,V001,P017,Maple Fresh Foods,1.21,1.2,0.83
2025-01,V001,P017,Maple Fresh Foods,1.22,1.21,0.83
2025-02,V001,P017,Maple Fresh Foods,1.23,1.22,0.82
2025-03,V001,P017,Maple Fresh Foods,1.24,1.23,0.81
2025-04,V001,P017,Maple Fresh Foods,1.25,1.24,0.81
2025-05,V001,P017,Maple Fresh Foods,1.26,1.25,0.8
2025-06,V001,P017,Maple Fresh Foods,1.27,1.26,0.79
2025-07,V001,P017,Maple Fresh Foods,1.28,1.27,0.79
2025-08,V001,P017,Maple Fresh Foods,1.29,1.28,0.78
2025-09,V001,P017,Maple Fresh Foods,1.3,1.29,0.78
2025-10,V001,P017,Maple Fresh Foods,1.32,1.3,1.54
2025-11,V001,P017,Maple Fresh Foods,1.33,1.32,0.76
2025-12,V001,P017,Maple Fresh Foods,1.35,1.33,1.5
2026-01,V001,P017,Maple Fresh Foods,1.36,1.35,0.74
2026-02,V001,P017,Maple Fresh Foods,1.38,1.36,1.47
2026-03,V001,P017,Maple Fresh Foods,1.39,1.38,0.72
2026-04,V001,P017,Maple Fresh Foods,1.41,1.39,1.44
2024-01,V001,P018,Maple Fresh Foods,1.25,1.25,0.0
2024-02,V001,P018,Maple Fresh Foods,1.26,1.25,0.8
2024-03,V001,P018,Maple Fresh Foods,1.27,1.26,0.79
2024-04,V001,P018,Maple Fresh Foods,1.28,1.27,0.79
2024-05,V001,P018,Maple Fresh Foods,1.29,1.28,0.78
2024-06,V001,P018,Maple Fresh Foods,1.3,1.29,0.78
2024-07,V001,P018,Maple Fresh Foods,1.31,1.3,0.77
2024-08,V001,P018,Maple Fresh Foods,1.32,1.31,0.76
2024-09,V001,P018,Maple Fresh Foods,1.33,1.32,0.76
2024-10,V001,P018,Maple Fresh Foods,1.34,1.33,0.75
2024-11,V001,P018,Maple Fresh Foods,1.35,1.34,0.75
2024-12,V001,P018,Maple Fresh Foods,1.36,1.35,0.74
2025-01,V001,P018,Maple Fresh Foods,1.37,1.36,0.74
2025-02,V001,P018,Maple Fresh Foods,1.38,1.37,0.73
2025-03,V001,P018,Maple Fresh Foods,1.39,1.38,0.72
2025-04,V001,P018,Maple Fresh Foods,1.4,1.39,0.72
2025-05,V001,P018,Maple Fresh Foods,1.41,1.4,0.71
2025-06,V001,P018,Maple Fresh Foods,1.42,1.41,0.71
2025-07,V001,P018,Maple Fresh Foods,1.43,1.42,0.7
2025-08,V001,P018,Maple Fresh Foods,1.44,1.43,0.7
2025-09,V001,P018,Maple Fresh Foods,1.46,1.44,1.39
2025-10,V001,P018,Maple Fresh Foods,1.47,1.46,0.68
2025-11,V001,P018,Maple Fresh Foods,1.49,1.47,1.36
2025-12,V001,P018,Maple Fresh Foods,1.51,1.49,1.34
2026-01,V001,P018,Maple Fresh Foods,1.53,1.51,1.32
2026-02,V001,P018,Maple Fresh Foods,1.55,1.53,1.31
2026-03,V001,P018,Maple Fresh Foods,1.57,1.55,1.29
2026-04,V001,P018,Maple Fresh Foods,1.59,1.57,1.27
2024-01,V001,P019,Maple Fresh Foods,1.85,1.85,0.0
2024-02,V001,P019,Maple Fresh Foods,1.86,1.85,0.54
2024-03,V001,P019,Maple Fresh Foods,1.88,1.86,1.08
2024-04,V001,P019,Maple Fresh Foods,1.9,1.88,1.06
2024-05,V001,P019,Maple Fresh Foods,1.92,1.9,1.05
2024-06,V001,P019,Maple Fresh Foods,1.94,1.92,1.04
2024-07,V001,P019,Maple Fresh Foods,1.96,1.94,1.03
2024-08,V001,P019,Maple Fresh Foods,1.97,1.96,0.51
2024-09,V001,P019,Maple Fresh Foods,1.99,1.97,1.02
2024-10,V001,P019,Maple Fresh Foods,2.01,1.99,1.01
2024-11,V001,P019,Maple Fresh Foods,2.02,2.01,0.5
2024-12,V001,P019,Maple Fresh Foods,2.03,2.02,0.5
2025-01,V001,P019,Maple Fresh Foods,2.04,2.03,0.49
2025-02,V001,P019,Maple Fresh Foods,2.06,2.04,0.98
2025-03,V001,P019,Maple Fresh Foods,2.08,2.06,0.97
2025-04,V001,P019,Maple Fresh Foods,2.09,2.08,0.48
2025-05,V001,P019,Maple Fresh Foods,2.11,2.09,0.96
2025-06,V001,P019,Maple Fresh Foods,2.13,2.11,0.95
2025-07,V001,P019,Maple Fresh Foods,2.16,2.13,1.41
2025-08,V001,P019,Maple Fresh Foods,2.18,2.16,0.93
2025-09,V001,P019,Maple Fresh Foods,2.21,2.18,1.38
2025-10,V001,P019,Maple Fresh Foods,2.23,2.21,0.9
2025-11,V001,P019,Maple Fresh Foods,2.25,2.23,0.9
2025-12,V001,P019,Maple Fresh Foods,2.27,2.25,0.89
2026-01,V001,P019,Maple Fresh Foods,2.29,2.27,0.88
2026-02,V001,P019,Maple Fresh Foods,2.32,2.29,1.31
2026-03,V001,P019,Maple Fresh Foods,2.35,2.32,1.29
2026-04,V001,P019,Maple Fresh Foods,2.38,2.35,1.28
2024-01,V001,P020,Maple Fresh Foods,0.6,0.6,0.0
2024-02,V001,P020,Maple Fresh Foods,0.6,0.6,0.0
2024-03,V001,P020,Maple Fresh Foods,0.6,0.6,0.0
2024-04,V001,P020,Maple Fresh Foods,0.61,0.6,1.67
2024-05,V001,P020,Maple Fresh Foods,0.62,0.61,1.64
2024-06,V001,P020,Maple Fresh Foods,0.62,0.62,0.0
2024-07,V001,P020,Maple Fresh Foods,0.62,0.62,0.0
2024-08,V001,P020,Maple Fresh Foods,0.62,0.62,0.0
2024-09,V001,P020,Maple Fresh Foods,0.63,0.62,1.61
2024-10,V001,P020,Maple Fresh Foods,0.63,0.63,0.0
2024-11,V001,P020,Maple Fresh Foods,0.63,0.63,0.0
2024-12,V001,P020,Maple Fresh Foods,0.64,0.63,1.59
2025-01,V001,P020,Maple Fresh Foods,0.65,0.64,1.56
2025-02,V001,P020,Maple Fresh Foods,0.65,0.65,0.0
2025-03,V001,P020,Maple Fresh Foods,0.65,0.65,0.0
2025-04,V001,P020,Maple Fresh Foods,0.66,0.65,1.54
2025-05,V001,P020,Maple Fresh Foods,0.66,0.66,0.0
2025-06,V001,P020,Maple Fresh Foods,0.67,0.66,1.52
2025-07,V001,P020,Maple Fresh Foods,0.68,0.67,1.49
2025-08,V001,P020,Maple Fresh Foods,0.69,0.68,1.47
2025-09,V001,P020,Maple Fresh Foods,0.7,0.69,1.45
2025-10,V001,P020,Maple Fresh Foods,0.71,0.7,1.43
2025-11,V001,P020,Maple Fresh Foods,0.72,0.71,1.41
2025-12,V001,P020,Maple Fresh Foods,0.73,0.72,1.39
2026-01,V001,P020,Maple Fresh Foods,0.74,0.73,1.37
2026-02,V001,P020,Maple Fresh Foods,0.75,0.74,1.35
2026-03,V001,P020,Maple Fresh Foods,0.76,0.75,1.33
2026-04,V001,P020,Maple Fresh Foods,0.77,0.76,1.32
2024-01,V001,P021,Maple Fresh Foods,1.15,1.15,0.0
2024-02,V001,P021,Maple Fresh Foods,1.16,1.15,0.87
2024-03,V001,P021,Maple Fresh Foods,1.17,1.16,0.86
2024-04,V001,P021,Maple Fresh Foods,1.18,1.17,0.85
2024-05,V001,P021,Maple Fresh Foods,1.19,1.18,0.85
2024-06,V001,P021,Maple Fresh Foods,1.2,1.19,0.84
2024-07,V001,P021,Maple Fresh Foods,1.21,1.2,0.83
2024-08,V001,P021,Maple Fresh Foods,1.22,1.21,0.83
2024-09,V001,P021,Maple Fresh Foods,1.23,1.22,0.82
2024-10,V001,P021,Maple Fresh Foods,1.24,1.23,0.81
2024-11,V001,P021,Maple Fresh Foods,1.25,1.24,0.81
2024-12,V001,P021,Maple Fresh Foods,1.26,1.25,0.8
2025-01,V001,P021,Maple Fresh Foods,1.27,1.26,0.79
2025-02,V001,P021,Maple Fresh Foods,1.28,1.27,0.79
2025-03,V001,P021,Maple Fresh Foods,1.29,1.28,0.78
2025-04,V001,P021,Maple Fresh Foods,1.3,1.29,0.78
2025-05,V001,P021,Maple Fresh Foods,1.31,1.3,0.77
2025-06,V001,P021,Maple Fresh Foods,1.32,1.31,0.76
2025-07,V001,P021,Maple Fresh Foods,1.33,1.32,0.76
2025-08,V001,P021,Maple Fresh Foods,1.34,1.33,0.75
2025-09,V001,P021,Maple Fresh Foods,1.35,1.34,0.75
2025-10,V001,P021,Maple Fresh Foods,1.37,1.35,1.48
2025-11,V001,P021,Maple Fresh Foods,1.38,1.37,0.73
2025-12,V001,P021,Maple Fresh Foods,1.39,1.38,0.72
2026-01,V001,P021,Maple Fresh Foods,1.41,1.39,1.44
2026-02,V001,P021,Maple Fresh Foods,1.42,1.41,0.71
2026-03,V001,P021,Maple Fresh Foods,1.43,1.42,0.7
2026-04,V001,P021,Maple Fresh Foods,1.44,1.43,0.7
2024-01,V001,P022,Maple Fresh Foods,1.65,1.65,0.0
2024-02,V001,P022,Maple Fresh Foods,1.66,1.65,0.61
2024-03,V001,P022,Maple Fresh Foods,1.67,1.66,0.6
2024-04,V001,P022,Maple Fresh Foods,1.68,1.67,0.6
2024-05,V001,P022,Maple Fresh Foods,1.69,1.68,0.6
2024-06,V001,P022,Maple Fresh Foods,1.7,1.69,0.59
2024-07,V001,P022,Maple Fresh Foods,1.71,1.7,0.59
2024-08,V001,P022,Maple Fresh Foods,1.72,1.71,0.58
2024-09,V001,P022,Maple Fresh Foods,1.73,1.72,0.58
2024-10,V001,P022,Maple Fresh Foods,1.74,1.73,0.58
2024-11,V001,P022,Maple Fresh Foods,1.75,1.74,0.57
2024-12,V001,P022,Maple Fresh Foods,1.76,1.75,0.57
2025-01,V001,P022,Maple Fresh Foods,1.77,1.76,0.57
2025-02,V001,P022,Maple Fresh Foods,1.78,1.77,0.56
2025-03,V001,P022,Maple Fresh Foods,1.79,1.78,0.56
2025-04,V001,P022,Maple Fresh Foods,1.8,1.79,0.56
2025-05,V001,P022,Maple Fresh Foods,1.81,1.8,0.56
2025-06,V001,P022,Maple Fresh Foods,1.82,1.81,0.55
2025-07,V001,P022,Maple Fresh Foods,1.84,1.82,1.1
2025-08,V001,P022,Maple Fresh Foods,1.86,1.84,1.09
2025-09,V001,P022,Maple Fresh Foods,1.88,1.86,1.08
2025-10,V001,P022,Maple Fresh Foods,1.9,1.88,1.06
2025-11,V001,P022,Maple Fresh Foods,1.92,1.9,1.05
2025-12,V001,P022,Maple Fresh Foods,1.94,1.92,1.04
2026-01,V001,P022,Maple Fresh Foods,1.96,1.94,1.03
2026-02,V001,P022,Maple Fresh Foods,1.98,1.96,1.02
2026-03,V001,P022,Maple Fresh Foods,2.0,1.98,1.01
2026-04,V001,P022,Maple Fresh Foods,2.02,2.0,1.0
2024-01,V004,P023,Green Harvest Produce,1.4,1.4,0.0
2024-02,V004,P023,Green Harvest Produce,1.42,1.4,1.43
2024-03,V004,P023,Green Harvest Produce,1.44,1.42,1.41
2024-04,V004,P023,Green Harvest Produce,1.46,1.44,1.39
2024-05,V004,P023,Green Harvest Produce,1.48,1.46,1.37
2024-06,V004,P023,Green Harvest Produce,1.5,1.48,1.35
2024-07,V004,P023,Green Harvest Produce,1.52,1.5,1.33
2024-08,V004,P023,Green Harvest Produce,1.54,1.52,1.32
2024-09,V004,P023,Green Harvest Produce,1.56,1.54,1.3
2024-10,V004,P023,Green Harvest Produce,1.58,1.56,1.28
2024-11,V004,P023,Green Harvest Produce,1.6,1.58,1.27
2024-12,V004,P023,Green Harvest Produce,1.63,1.6,1.87
2025-01,V004,P023,Green Harvest Produce,1.65,1.63,1.23
2025-02,V004,P023,Green Harvest Produce,1.67,1.65,1.21
2025-03,V004,P023,Green Harvest Produce,1.7,1.67,1.8
2025-04,V004,P023,Green Harvest Produce,1.73,1.7,1.76
2025-05,V004,P023,Green Harvest Produce,1.76,1.73,1.73
2025-06,V004,P023,Green Harvest Produce,1.79,1.76,1.7
2025-07,V004,P023,Green Harvest Produce,1.82,1.79,1.68
2025-08,V004,P023,Green Harvest Produce,1.85,1.82,1.65
2025-09,V004,P023,Green Harvest Produce,1.88,1.85,1.62
2025-10,V004,P023,Green Harvest Produce,1.91,1.88,1.6
2025-11,V004,P023,Green Harvest Produce,1.94,1.91,1.57
2025-12,V004,P023,Green Harvest Produce,1.97,1.94,1.55
2026-01,V004,P023,Green Harvest Produce,2.0,1.97,1.52
2026-02,V004,P023,Green Harvest Produce,2.03,2.0,1.5
2026-03,V004,P023,Green Harvest Produce,2.06,2.03,1.48
2026-04,V004,P023,Green Harvest Produce,2.1,2.06,1.94
2024-01,V001,P024,Maple Fresh Foods,0.95,0.95,0.0
2024-02,V001,P024,Maple Fresh Foods,0.96,0.95,1.05
2024-03,V001,P024,Maple Fresh Foods,0.97,0.96,1.04
2024-04,V001,P024,Maple Fresh Foods,0.98,0.97,1.03
2024-05,V001,P024,Maple Fresh Foods,0.99,0.98,1.02
2024-06,V001,P024,Maple Fresh Foods,1.0,0.99,1.01
2024-07,V001,P024,Maple Fresh Foods,1.01,1.0,1.0
2024-08,V001,P024,Maple Fresh Foods,1.02,1.01,0.99
2024-09,V001,P024,Maple Fresh Foods,1.03,1.02,0.98
2024-10,V001,P024,Maple Fresh Foods,1.04,1.03,0.97
2024-11,V001,P024,Maple Fresh Foods,1.05,1.04,0.96
2024-12,V001,P024,Maple Fresh Foods,1.06,1.05,0.95
2025-01,V001,P024,Maple Fresh Foods,1.07,1.06,0.94
2025-02,V001,P024,Maple Fresh Foods,1.08,1.07,0.93
2025-03,V001,P024,Maple Fresh Foods,1.09,1.08,0.93
2025-04,V001,P024,Maple Fresh Foods,1.1,1.09,0.92
2025-05,V001,P024,Maple Fresh Foods,1.11,1.1,0.91
2025-06,V001,P024,Maple Fresh Foods,1.12,1.11,0.9
2025-07,V001,P024,Maple Fresh Foods,1.13,1.12,0.89
2025-08,V001,P024,Maple Fresh Foods,1.14,1.13,0.88
2025-09,V001,P024,Maple Fresh Foods,1.15,1.14,0.88
2025-10,V001,P024,Maple Fresh Foods,1.16,1.15,0.87
2025-11,V001,P024,Maple Fresh Foods,1.17,1.16,0.86
2025-12,V001,P024,Maple Fresh Foods,1.18,1.17,0.85
2026-01,V001,P024,Maple Fresh Foods,1.19,1.18,0.85
2026-02,V001,P024,Maple Fresh Foods,1.2,1.19,0.84
2026-03,V001,P024,Maple Fresh Foods,1.21,1.2,0.83
2026-04,V001,P024,Maple Fresh Foods,1.22,1.21,0.83
2024-01,V005,P025,TrueServe Packaging,0.18,0.18,0.0
2024-02,V005,P025,TrueServe Packaging,0.18,0.18,0.0
2024-03,V005,P025,TrueServe Packaging,0.18,0.18,0.0
2024-04,V005,P025,TrueServe Packaging,0.18,0.18,0.0
2024-05,V005,P025,TrueServe Packaging,0.18,0.18,0.0
2024-06,V005,P025,TrueServe Packaging,0.18,0.18,0.0
2024-07,V005,P025,TrueServe Packaging,0.18,0.18,0.0
2024-08,V005,P025,TrueServe Packaging,0.18,0.18,0.0
2024-09,V005,P025,TrueServe Packaging,0.18,0.18,0.0
2024-10,V005,P025,TrueServe Packaging,0.18,0.18,0.0
2024-11,V005,P025,TrueServe Packaging,0.18,0.18,0.0
2024-12,V005,P025,TrueServe Packaging,0.18,0.18,0.0
2025-01,V005,P025,TrueServe Packaging,0.18,0.18,0.0
2025-02,V005,P025,TrueServe Packaging,0.18,0.18,0.0
2025-03,V005,P025,TrueServe Packaging,0.18,0.18,0.0
2025-04,V005,P025,TrueServe Packaging,0.18,0.18,0.0
2025-05,V005,P025,TrueServe Packaging,0.18,0.18,0.0
2025-06,V005,P025,TrueServe Packaging,0.18,0.18,0.0
2025-07,V005,P025,TrueServe Packaging,0.18,0.18,0.0
2025-08,V005,P025,TrueServe Packaging,0.18,0.18,0.0
2025-09,V005,P025,TrueServe Packaging,0.18,0.18,0.0
2025-10,V005,P025,TrueServe Packaging,0.18,0.18,0.0
2025-11,V005,P025,TrueServe Packaging,0.18,0.18,0.0
2025-12,V005,P025,TrueServe Packaging,0.18,0.18,0.0
2026-01,V005,P025,TrueServe Packaging,0.18,0.18,0.0
2026-02,V005,P025,TrueServe Packaging,0.18,0.18,0.0
2026-03,V005,P025,TrueServe Packaging,0.18,0.18,0.0
2026-04,V005,P025,TrueServe Packaging,0.18,0.18,0.0
2024-01,V005,P026,TrueServe Packaging,0.05,0.05,0.0
2024-02,V005,P026,TrueServe Packaging,0.05,0.05,0.0
2024-03,V005,P026,TrueServe Packaging,0.05,0.05,0.0
2024-04,V005,P026,TrueServe Packaging,0.05,0.05,0.0
2024-05,V005,P026,TrueServe Packaging,0.05,0.05,0.0
2024-06,V005,P026,TrueServe Packaging,0.05,0.05,0.0
2024-07,V005,P026,TrueServe Packaging,0.05,0.05,0.0
2024-08,V005,P026,TrueServe Packaging,0.05,0.05,0.0
2024-09,V005,P026,TrueServe Packaging,0.05,0.05,0.0
2024-10,V005,P026,TrueServe Packaging,0.05,0.05,0.0
2024-11,V005,P026,TrueServe Packaging,0.05,0.05,0.0
2024-12,V005,P026,TrueServe Packaging,0.05,0.05,0.0
2025-01,V005,P026,TrueServe Packaging,0.05,0.05,0.0
2025-02,V005,P026,TrueServe Packaging,0.05,0.05,0.0
2025-03,V005,P026,TrueServe Packaging,0.05,0.05,0.0
2025-04,V005,P026,TrueServe Packaging,0.05,0.05,0.0
2025-05,V005,P026,TrueServe Packaging,0.05,0.05,0.0
2025-06,V005,P026,TrueServe Packaging,0.05,0.05,0.0
2025-07,V005,P026,TrueServe Packaging,0.05,0.05,0.0
2025-08,V005,P026,TrueServe Packaging,0.05,0.05,0.0
2025-09,V005,P026,TrueServe Packaging,0.05,0.05,0.0
2025-10,V005,P026,TrueServe Packaging,0.05,0.05,0.0
2025-11,V005,P026,TrueServe Packaging,0.05,0.05,0.0
2025-12,V005,P026,TrueServe Packaging,0.05,0.05,0.0
2026-01,V005,P026,TrueServe Packaging,0.05,0.05,0.0
2026-02,V005,P026,TrueServe Packaging,0.05,0.05,0.0
2026-03,V005,P026,TrueServe Packaging,0.05,0.05,0.0
2026-04,V005,P026,TrueServe Packaging,0.05,0.05,0.0
2024-01,V005,P027,TrueServe Packaging,0.03,0.03,0.0
2024-02,V005,P027,TrueServe Packaging,0.03,0.03,0.0
2024-03,V005,P027,TrueServe Packaging,0.03,0.03,0.0
2024-04,V005,P027,TrueServe Packaging,0.03,0.03,0.0
2024-05,V005,P027,TrueServe Packaging,0.03,0.03,0.0
2024-06,V005,P027,TrueServe Packaging,0.03,0.03,0.0
2024-07,V005,P027,TrueServe Packaging,0.03,0.03,0.0
2024-08,V005,P027,TrueServe Packaging,0.03,0.03,0.0
2024-09,V005,P027,TrueServe Packaging,0.03,0.03,0.0
2024-10,V005,P027,TrueServe Packaging,0.03,0.03,0.0
2024-11,V005,P027,TrueServe Packaging,0.03,0.03,0.0
2024-12,V005,P027,TrueServe Packaging,0.03,0.03,0.0
2025-01,V005,P027,TrueServe Packaging,0.03,0.03,0.0
2025-02,V005,P027,TrueServe Packaging,0.03,0.03,0.0
2025-03,V005,P027,TrueServe Packaging,0.03,0.03,0.0
2025-04,V005,P027,TrueServe Packaging,0.03,0.03,0.0
2025-05,V005,P027,TrueServe Packaging,0.03,0.03,0.0
2025-06,V005,P027,TrueServe Packaging,0.03,0.03,0.0
2025-07,V005,P027,TrueServe Packaging,0.03,0.03,0.0
2025-08,V005,P027,TrueServe Packaging,0.03,0.03,0.0
2025-09,V005,P027,TrueServe Packaging,0.03,0.03,0.0
2025-10,V005,P027,TrueServe Packaging,0.03,0.03,0.0
2025-11,V005,P027,TrueServe Packaging,0.03,0.03,0.0
2025-12,V005,P027,TrueServe Packaging,0.03,0.03,0.0
2026-01,V005,P027,TrueServe Packaging,0.03,0.03,0.0
2026-02,V005,P027,TrueServe Packaging,0.03,0.03,0.0
2026-03,V005,P027,TrueServe Packaging,0.03,0.03,0.0
2026-04,V005,P027,TrueServe Packaging,0.03,0.03,0.0
2024-01,V005,P028,TrueServe Packaging,0.09,0.09,0.0
2024-02,V005,P028,TrueServe Packaging,0.09,0.09,0.0
2024-03,V005,P028,TrueServe Packaging,0.09,0.09,0.0
2024-04,V005,P028,TrueServe Packaging,0.09,0.09,0.0
2024-05,V005,P028,TrueServe Packaging,0.09,0.09,0.0
2024-06,V005,P028,TrueServe Packaging,0.09,0.09,0.0
2024-07,V005,P028,TrueServe Packaging,0.09,0.09,0.0
2024-08,V005,P028,TrueServe Packaging,0.09,0.09,0.0
2024-09,V005,P028,TrueServe Packaging,0.09,0.09,0.0
2024-10,V005,P028,TrueServe Packaging,0.09,0.09,0.0
2024-11,V005,P028,TrueServe Packaging,0.09,0.09,0.0
2024-12,V005,P028,TrueServe Packaging,0.09,0.09,0.0
2025-01,V005,P028,TrueServe Packaging,0.09,0.09,0.0
2025-02,V005,P028,TrueServe Packaging,0.09,0.09,0.0
2025-03,V005,P028,TrueServe Packaging,0.09,0.09,0.0
2025-04,V005,P028,TrueServe Packaging,0.09,0.09,0.0
2025-05,V005,P028,TrueServe Packaging,0.09,0.09,0.0
2025-06,V005,P028,TrueServe Packaging,0.09,0.09,0.0
2025-07,V005,P028,TrueServe Packaging,0.09,0.09,0.0
2025-08,V005,P028,TrueServe Packaging,0.09,0.09,0.0
2025-09,V005,P028,TrueServe Packaging,0.09,0.09,0.0
2025-10,V005,P028,TrueServe Packaging,0.09,0.09,0.0
2025-11,V005,P028,TrueServe Packaging,0.09,0.09,0.0
2025-12,V005,P028,TrueServe Packaging,0.09,0.09,0.0
2026-01,V005,P028,TrueServe Packaging,0.09,0.09,0.0
2026-02,V005,P028,TrueServe Packaging,0.09,0.09,0.0
2026-03,V005,P028,TrueServe Packaging,0.09,0.09,0.0
2026-04,V005,P028,TrueServe Packaging,0.09,0.09,0.0
